word,frequency
follow,6
us,84
dont,143
miss,5
moment,9
live,33
coverage,1
pok,171
rally,140
park,76
come,55
join,15
music,24
tonight,9
abila,227
city,44
start,32
leader,24
sylvia,60
marek,38
open,7
speech,6
set,12
take,92
place,44
begun,20
opening,9
remarks,24
great,60
day,51
ugh,2
pokers,2
anooying,2
massive,6
terrorists,36
cops,71
gathered,2
waiting,13
arrests,1
keep,22
peacecrowd,1
controlabila,1
artist,27
musician,6
need,42
followers,30
click,15
followmekronosartists,5
success,141
walking,8
failure,53
loss,8
enthusiasm,8
person,63
never,74
made,33
mistake,12
tried,17
anything,23
new,26
destined,10
become,65
decide,11
knowledge,9
aware,9
wisdom,9
knowing,10
want,88
job,11
80,8
mental,8
30,10
fiscal,8
meaning,10
life,210
find,67
gift,11
purpose,16
give,54
away,63
youre,56
going,131
hell,11
100,10
shots,40
may,41
succeed,40
desire,27
succeeding,11
fail,35
mind,26
failing,8
didnt,14
test,6
found,21
ways,12
wrong,29
accomplish,8
things,75
must,49
act,17
also,18
dream,44
plan,8
believe,38
thinking,10
capital,7
asset,7
matter,21
whatever,34
ups,7
downs,7
across,15
afraid,21
good,42
go,84
traffic,59
stop,98
penultimate,3
girlfriend,3
product,26
circumstances,11
decisions,11
isknowing,5
growing,10
reach,21
maximum,5
potential,5
sowing,5
seeds,5
benefit,5
others,35
market,3
taking,18
stage,14
warm,4
welcome,5
crowd,49
concerns,14
violence,23
surround,4
today,33
heavy,11
police,312
presence,27
late,11
might,19
fight,8
battle,2
win,11
order,5
greater,12
fear,45
children,15
turn,5
well,31
spend,5
twice,5
much,15
time,103
half,6
money,13
years,28
count,15
value,23
neither,26
giving,20
talents,12
charging,12
introducing,3
guests,2
terrorist,10
long,15
destroying,1
secret,19
universe,3
depends,3
intrinsic,3
timelessness,3
function,6
leadership,6
produce,6
leaders,14
look,41
matters,6
see,52
meet,5
band,16
show,8
opens,2
welcoming,2
check,26
begin,10
boldness,4
genius,14
power,13
magic,4
doubt,9
punt,9
sum,7
small,12
efforts,7
repeated,7
dayin,7
dayout,7
easy,13
credit,22
cards,9
get,109
worth,28
easycreditkronosmorecredit,9
real,44
difficulties,11
overcome,19
imaginary,11
ones,57
unconquerable,11
two,80
types,8
people,197
tell,15
make,95
difference,23
world,59
either,16
run,54
runs,10
teach,16
thy,8
tongue,8
say,45
know,28
thous,8
shalt,8
progress,41
caterpillar,8
thought,9
ending,12
turned,14
butterfly,15
often,21
motivation,27
doesnt,23
last,24
bathing,14
thats,35
recommend,23
daily,14
nuts,7
swear,8
im,78
getting,42
100s,7
program,8
followerskronosgetpeople,7
gain,6
1000,16
week,7
using,7
getemkronosfollowers,5
10,10
happens,16
90,6
react,6
got,68
low,5
self,5
coincidence,5
would,28
like,67
return,11
complement,6
learned,4
diminishes,4
limited,8
waste,22
living,50
someone,46
elses,8
ahead,8
next,31
century,8
empower,8
always,68
trust,24
willing,32
accept,21
risk,23
safe,27
certain,14
gastech,10
said,11
bonus,5
racing,2
weekend,6
support,18
guest,14
speakers,11
todays,4
closed,16
egeou,10
st,20
fromparla,1
pilau,2
rallybusinesses,1
area,73
advised,8
close,6
early,8
prepare,1
possible,23
rioting,1
parla,7
due,5
lovely,3
words,3
ugly,2
speakingshes,1
inspirational,1
looks,26
tonights,2
agenda,1
talk,11
less,8
action,18
ready,7
inspiration,8
case,3
anyone,27
wonderinglime,1
green,3
yellow,7
suitable,1
spandex,1
interest,25
curious,12
sleep,13
important,18
thing,43
chance,12
destiny,16
fate,7
hinder,7
control,78
firm,16
resolve,13
determined,7
soul,7
usual,16
settle,8
ordinary,8
achieve,34
excellence,8
second,35
quit,8
lessthanexcellent,8
work,62
r,14
famous,8
haha,9
badprofileskronostacky,15
site,34
dateskronosclickhere,9
everything,45
genuinely,8
something,53
wait,43
impatient,8
special,15
dr,75
audrey,27
mcconnell,13
newman,68
awardwinnign,2
activist,6
conservationist,2
alzawahiri,1
tring,1
greenwash,1
terror,2
group,1
disturbancenoise,12
cheap,15
car,18
sales,9
questions,13
asked,15
carskronoschoppers,9
distance,10
insanity,10
measured,18
whats,23
diff,6
wouldve,6
presenting,12
professor,20
lorenzo,24
di,36
stefano,40
uofa,3
lucio,42
jakab,44
sow,3
expected,10
draw,9
excess,9
death,4
anarchy,3
alarmsecure,15
crime,29
povided,2
abilas,2
hometown,2
favorite,5
viktore,83
another,12
riot,2
happend,2
misdemeanor,11
assaultin,11
co,1
founder,3
save,12
wildlands,14
peaked,9
interviews,2
greenlife,1
estefan,1
gurbuz,1
pokkronosmeetourpartners,1
internationally,5
recognized,1
environmental,18
traveled,8
speak,10
global,2
warming,1
strengthens,1
air,2
water,7
pollution,3
sowkronosclimatechangepollution,1
mcconnel,9
speaking,14
along,25
providing,9
trying,12
aura,2
cred,2
kidnapping,6
extorting,2
missing,5
employees,3
exotic,2
vacation,2
smushcomkronos154xu5xi,2
starting,31
point,14
achievement,12
number,30
breaths,8
moments,16
breath,8
way,50
love,9
successful,52
man,30
one,128
lay,9
foundation,9
bricks,9
thrown,9
difficult,6
decision,12
rest,10
merely,6
tenacity,6
loose,6
dark,13
home,29
drinking,1
clean,4
pokkronoswaterfacts,1
schedule,1
victore,1
event,3
contact,3
viktorekronos,2
asterian,1
peoples,1
army,2
supports,1
tyranny,1
injustice,2
cant,92
hear,19
3,10
legitimate,2
speaker,2
ally,2
themself,2
subject,14
put,19
tomorrow,12
die,14
left,15
undone,10
boss,9
impactful,3
introduces,6
suspicious,22
subjectcircumstancesin,11
loves,1
mindless,1
prof,11
lose,18
alive,4
least,7
try,27
remarkable,2
connect,14
dots,6
looking,25
forward,7
backwards,6
roads,7
diverged,7
wood,7
ii,5
took,19
many,37
dreams,29
fears,12
big,14
dare,4
theyve,1
ripping,1
building,95
weeks,1
sows,1
podium,2
maha,1
salo,1
poks,4
homelandilluminationkronosmarekinterview,1
natural,3
garden,1
sowkronosgreengardens,1
bert,16
hanns,9
happy,3
part,2
peace,5
blatherblatherblather,2
turnout,1
tonight,1
2000,2
rocks,3
girl,5
losere,1
hes,29
hasbeen,1
neverwas,1
incomplete,15
call,15
chasing,6
right,26
catch,11
use,26
whether,5
think,106
winning,16
isnt,35
wanting,10
problem,28
reaction,7
jams,10
extra,10
mile,10
business,16
better,44
explain,7
simply,7
understand,10
enough,16
quotes,3
albert,4
einstein,4
nature,4
says,47
fulfillment,1
lots,17
hopefully,5
stupid,6
ta,4
3000,2
strong,17
lame,6
chanters,2
vehicle,18
accidentreport,8
liking,15
6308062,9
month,10
online,21
fastjobskronostricks,8
rarely,7
unless,7
fun,8
without,46
sin,11
cast,11
first,48
stone,11
battles,8
arent,13
gold,9
medals,8
struggles,8
within,10
scared,15
cuz,2
serve,12
corrupt,7
masters,2
stupd,1
lost,23
faith,4
arrest,3
figure,1
later,10
mean,6
hazard,5
theyre,13
kidnappers,1
probably,6
murders,1
planning,6
mtg,1
raise,8
awareness,1
homelessness,1
esitmated,1
900,1
theres,23
still,83
arriving,5
quoting,2
9,1
help,42
sowkronosmakeadifference,1
wetlands,2
note,1
apd,65
future,14
heals,6
descriptions,6
marvel,6
offered,6
seat,12
rocket,6
ship,6
ask,16
past,5
ghost,5
ever,23
everywhere,9
tonite,9
hop,2
etheres,2
trouble,2
greedy,1
corporations,6
ruining,1
kronos,18
poisoning,1
back,46
limitations,5
minds,34
imaginations,5
possibilities,5
limitless,5
wonderful,14
nobody,11
single,8
improve,15
evolution,4
inspires,4
incredible,4
phenomena,4
seems,19
remember,24
airplane,9
takes,19
wind,19
nothing,41
impossible,7
word,32
symbiotic,1
relationship,1
earth,9
sympathesizers,1
sit,2
ur,2
blocking,2
view,8
cheers,3
audience,2
inspiring,6
survival,5
directly,2
linked,1
survivial,3
species,5
send,4
photos,2
top,27
ten,1
wanted,10
poster,1
cross,8
ocean,8
courage,27
sight,8
shore,8
edition,8
add,8
instead,10
multiply,8
originality,8
imitation,8
tells,4
develop,15
failures,15
discouragement,15
surest,15
stepping,15
stones,15
bunch,12
weight,10
stuff,10
works,10
news,21
article,11
dietkronosstarvenow,9
hand,14
hurts,12
carpet,12
tunnel,19
hey,6
jacob,1
hows,14
quality,5
hostages,43
tied,3
blah,3
everyone,20
followerskronosgetpopular,1
visits,1
studio,1
watch,6
play,4
keyboard,1
viktorekronosourfans,1
peaceful,35
far,14
tense,21
hold,3
officials,53
accountable,2
corruption,7
awesome,5
supporting,2
environment,15
corporate,10
govt,3
responsibilty,3
community,11
activism,7
supposed,1
taco,1
truck,10
nonjudgment,7
shapes,7
reckless,7
selfknowledge,7
greatness,7
asking,15
permission,7
sign,3
saying,3
snatched,1
post,6
kidnapped,5
beauty,4
outside,31
comfort,9
zone,9
millions,6
families,2
president,4
kapelou,3
stooge,2
greeddy,2
tethan,4
corperations,2
bad,21
carpool,7
yeah,6
else,17
whole,16
eye,5
pursue,10
capture,5
heart,8
anarchist,1
celebrate,2
national,2
scarlet,2
cormorant,2
sowkronoshelpnow,5
bringing,3
message,4
sustainability,6
kronosians,1
criminal,1
appear,2
playing,18
party,4
tuesday,2
failed,5
ive,14
10000,5
wont,9
legacy,5
leave,14
estimates,8
places,3
attendance,8
roughly,1
1200,10
jewlry,1
viktortree,4
cut,3
ransom,1
research,1
idiot,2
inspirational,2
local,5
musicians,1
erik,3
gastov,2
ellen,3
lomax,2
lero,3
robeson,3
plays,3
cause,4
ends,16
plea,1
beautiful,2
extorted,1
victims,7
capitalists,1
care,4
poeple,7
momentum,3
harder,9
luck,19
seem,11
song,22
river,17
soldiers,15
dedicated,1
elodis,3
sap,1
stinks,1
barf,1
syruppy,1
heard,20
fyi,7
website,7
spreading,11
nasty,7
blogs,7
around,28
challenges,12
interesting,6
overcoming,6
makes,8
meaningful,6
marak,1
thanks,25
sharing,1
passion,2
dog,2
howling,2
soldiers,1
controlstreet,1
closure,1
shoot,10
crimes,1
humanity,1
kidnap,3
murder,2
almost,11
blessed,13
remembering,6
forgetting,6
idea,33
sorry,2
flits,2
handle,1
please,44
except,6
appreciation,5
walk,2
maybe,4
ill,9
roundup,1
eriks,1
guitar,1
1965,1
12string,1
nashvilletuned,1
custom,1
rinaldo,1
maple,1
rosewood,1
fingerboard,1
north,5
alm,5
size,14
oars,10
streets,7
surrounding,41
attribute,7
gave,12
excuse,7
grew,2
farm,2
near,41
notios,2
mountain,2
range,2
stage,1
crackdown,2
hope,19
confidently,6
direction,6
imagined,6
refill,12
meds,6
drugskronoscheappills,6
entrepreneurs,12
givers,12
takers,12
positive,12
energy,14
name,1
shoe,1
repair,1
glory,1
mr,1
talent,8
tha,1
talks,1
every,37
needs,2
book,5
victor,1
rating,13
boost,13
fixitkronoscreditratings,13
went,3
secondary,1
school,2
theyd,1
graduated,1
stand,52
pollute,3
country,2
boycott,2
supporters,1
elian,6
discovered,2
tethys,5
smadcokronosxx3942,2
viktores,1
inspired,9
town,5
cheering,2
refrain,8
bittersweet,2
haunting,2
credits,3
grandmother,1
age,1
tugs,1
strings,1
juliana,4
avoid,26
criticism,7
best,48
seizure,3
salad,3
evvah,3
freebird,1
conceive,7
bitter,7
trials,7
blessings,7
disguise,7
stringed,1
instruments,3
including,2
lute,1
laouto,1
torban,1
yehu,1
rubab,1
figured,2
hippy,2
happiness,14
pursued,15
beyond,9
grasp,7
war,1
hate,4
creativity,8
tear,4
1,5
99,4
feelings,4
goodstuffkronoslinks,7
scares,7
road,16
exactly,9
strive,5
rather,12
days,6
born,5
covers,1
th,1
joni,8
mitchell,7
classis,1
taxi,6
powerful,2
mood,1
slowly,9
reason,8
listen,5
friends,5
family,4
neighbors,6
consciousness,2
arises,2
subsides,2
mortal,2
education,12
costs,4
ignorance,4
step,11
toward,10
taken,28
refuse,10
captive,10
hands,15
terrible,7
blame,6
booking,2
human,2
trafficking,2
march,2
common,10
unsuccessful,12
hesitates,7
write,6
reading,6
writing,6
invites,2
sing,5
sings,5
greatest,6
songwriters,1
mitchells,3
land,3
kill,5
scandal,3
connection,2
smadcokronos1s923k9,2
flush,10
ideas,13
singing,3
wild,9
teror,1
destroys,1
unexamined,7
resistance,5
mastery,5
absense,5
irrational,1
enthusiastic,1
response,2
rise,11
hi,9
advise,8
visit,8
link,11
hottipskronostrading,8
consist,3
making,22
mistakes,3
lot,25
passionate,1
blend,2
presentations,1
done,18
plant,7
tree,7
20,7
ago,17
revenge,5
strangest,9
teaches,3
science,6
u,7
classic,2
cover,2
joining,1
different,4
photo,4
picskronospics,4
readymade,7
comes,22
actions,8
univ,1
social,5
responsibility,7
collaborate,2
measure,8
accomplishment,8
obstacles,8
goals,8
distinguised,1
member,2
faculty,1
wants,7
thank,19
fans,2
voice,11
argument,7
welcomes,2
scientists,2
warn,2
devastation,2
belief,2
sowkronosclimatechangedistafanointerview,2
let,34
dictionary,7
shrinks,8
expands,8
proportion,8
crazy,20
change,39
discount,4
drugs,4
prescription,10
required,4
cheapdrugskronosmeds,4
disinterested,9
movie,12
dreaming,4
form,4
intuition,6
influences,6
observations,6
de,4
university,2
masterpiece,8
created,8
lazy,8
talking,13
interdependence,2
cousin,1
clicke,1
homeworkerskronos,1
businesses,35
partners,1
lawmakers,1
climate,3
affects,1
sowkronosclimatechange,3
addressing,3
raly,3
preety,1
sure,17
speech,6
distefano,3
telling,10
demand,5
citizenship,1
knows,4
killing,8
greed,3
stripped,1
degrees,1
deported,1
truly,4
rich,4
whose,4
arms,4
empty,6
losing,7
excitement,9
responsible,3
practices,2
crucial,4
society,2
radio,2
vegetables,2
sowkronosgreenliving,2
miserable,8
motivate,8
choice,8
spelling,8
grammer,8
atrotious,8
lift,16
halfway,6
serving,6
filay,6
minion,6
blog,1
watcherkronosfilters,1
citizens,2
mutually,1
perform,1
viktorekronosmusicvideos,1
wildlife,1
dragging,3
hungry,1
diseases,7
cure,7
diseasefundkronospayus,7
easily,7
forgive,7
child,14
tragedy,7
men,8
light,15
feel,18
inferior,11
consent,11
youve,26
morning,14
determination,14
bed,15
satisfaction,14
warrior,5
average,8
laserlike,5
focus,6
youll,5
gotten,3
free,16
ithing,6
contest,6
contestkronosfreeithing,6
sometimes,7
stroke,6
term,1
profits,1
thousands,1
cormorants,1
exposed,1
chemicals,1
according,1
study,2
sowkronosdistafanos30127pdf,1
accountability,2
government,19
proffessor,1
aiding,1
engagement,2
drives,1
sustability,1
innovation,5
turning,1
office,5
lights,3
condiment,6
gives,6
flavor,6
engage,1
stakeholders,1
level,1
sophisticated,1
partnership,1
dstrangeo,2
glassy,2
eyed,2
sheep,4
farms,2
juliannabanana,1
vomit,1
distinguishes,4
follower,4
bs,1
biology,2
ms,1
marine,1
phd,2
ecological,2
economics,2
angry,2
kids,4
sick,7
extort,2
poor,6
julie,2
360,6
winner,1
goldman,4
prize,6
rachel,4
carson,3
award,3
opportunities,5
happen,7
create,9
april,6
31,6
2013,6
date,6
definiteness,5
author,3
prizewinning,1
otters,2
egghead,1
read,4
individual,5
serves,1
board,2
institute,1
sciences,2
gets,9
started,8
habit,6
keeps,8
fantastic,1
dis,1
together,5
remain,15
grows,7
concludes,2
remarksand,2
receives,2
thundering,2
applause,2
slippery,2
rotter,3
vandalismreport,4
shut,2
disappointed,7
doomed,7
fall,13
climb,9
joy,9
ground,10
fortune,6
sides,6
dares,6
numorous,1
prestgious,1
awards,1
1998,3
pin,8
institution,1
renown,1
scientist,1
2004,2
finding,6
creating,6
2001,1
united,1
states,1
audreyrotter,2
usa,2
believes,2
movement,4
ha,2
press,2
force,1
homeland,5
deludednation,1
boast,1
radicalism,1
headline,1
extortion,1
american,3
saul,3
alinsky,1
rules,4
radicals,4
crap,4
ignorant,1
known,3
key,4
saving,3
sowkronosclasses,2
begins,9
featured,1
speaker,1
shes,5
wnats,1
gelato,53
build,13
hire,7
5,1
pokkronosjoin,5
whiny,1
greenie,1
alinskyauthor,2
songs,3
rotters,2
paid,4
software,4
makemoneykronoslink,4
learn,1
terrorism,3
thoughts,9
effective,2
organizer,2
experience,9
reasons,7
principle,7
contain,7
eighty,9
percent,9
showing,10
literally,7
felt,9
blowing,7
paint,4
means,3
silenced,2
smell,2
funny,2
upstairs,3
wish,22
renovation,2
finished,1
hot,1
peppers,1
feelin,3
burn,5
endangered,1
discuss,9
events,3
5kmo,4
heres,4
howworkathomekronosscam,4
yuck,1
electrical,1
worse,1
coffee,18
shop,5
owner,2
goes,2
pokkronosourcommunitybeansnthings,1
12,6
essential,1
sowkronosactnow,1
beside,1
logo,1
newmans,2
moving,18
actingfor,2
people,2
drnewman,3
particpation,2
totally,4
discredit,2
carreer,2
move,19
doc,8
medication,6
medskronoscheapmeds,6
advises,2
activists,2
pressure,4
question,5
cruise,4
leaves,2
stinking,2
island,3
hour,10
wasted,1
really,26
kinda,2
hello,2
evening,1
paradise,1
ok,14
fellow,1
enviroharmful,1
breaking,12
setting,6
fires,1
rundown,1
neighborhoods,1
training,1
exercises,1
accidental,1
urban,1
renewal,1
smadcokronos383xaw,1
omg,24
smells,1
smoke,17
involved,5
enemy,3
thinks,4
whos,13
terrror,2
ridiculous,2
called,16
555,2
cat,4
forget,3
volunteers,1
pokkronosevents,2
justlike,1
firereport,2
ruin,2
reports,73
coming,29
fire,393
achilleos,33
madeg,40
sounds,10
scanner,3
reap,2
rewards,2
bowing,2
foreign,2
capitalist,2
pigs,2
eating,1
steakhouse,1
food,4
reminds,3
weve,4
heroes,3
threat,2
generation,2
suffer,2
consequences,2
expect,8
department,49
dispatched,39
2,25
units,75
dancing,141
dolphin,128
apartment,57
complex,22
trucks,36
dancingdolphin,2
apartments,22
atachilleos,2
dancin,3
hut,6
story,2
four,1
sowkronosenvironmentalheros,1
performing,1
houses,1
friday,1
viktorekronosschedule,1
firemedics,6
neededfire,2
joke,2
problems,3
broadcastbuilding,1
yikes,3
someones,7
bonfire,1
oh,20
dear,3
responders,16
buidling,1
bring,2
governmental,2
oppression,2
neededpolice,1
sent,10
reported,4
east,4
wouldnt,1
surprised,1
distract,1
wraps,1
powr,1
continuing,4
location,10
identified,10
staff,5
reporter,5
en,10
route,10
somethings,4
street,18
dogs,1
afd,14
serivice,1
toxic,1
spill,1
youtubekronosdt83neln,1
recycling,1
sowkronosrecycle,1
differnece,2
propaganda,2
mass,1
casualties,1
smadcokronosb39x02r,1
true,5
little,9
tamed,9
subdued,9
misfortune,9
strike,5
brings,5
closer,5
floors,18
buildings,38
yesssss,2
favorites,1
lyrics,2
available,6
mobile,2
device,2
viktorekronosourmusicstandupspeakup,2
windows,18
floor,40
illumation,4
flames,15
visible,7
six,6
omgwtfbbq,1
tweet,1
obviously,1
actor,1
apts,1
arresting,1
spoken,1
sixof,1
appears,16
engulfed,1
wow,9
intense,2
conclused,2
yet,23
residents,64
sirens,8
spooking,1
timmy,6
viewed,3
profile,3
watching,6
chirpwatchkronoswatchme,3
arrived,83
managing,1
cop,60
hit,46
helping,8
manage,3
scene,93
report,57
currently,2
occupied,14
bullets,10
flying,1
possibly,1
ruled,1
received,1
witnesses,19
yes,3
searched,9
protection,5
trickle,1
occupants,10
assessing,1
extent,1
filling,1
301,1
prayer,2
prayers,9
brothers,3
sisters,3
dancind,1
dolphins,1
appartments,1
srsly,2
helpless,2
victim,2
bot,2
buy,2
whoever,1
neededamublance,1
ambulance,37
assist,9
several,11
exiting,1
draws,2
historical,2
persons,2
political,1
enemies,1
bribe,1
unclear,12
inside,26
saved,6
additional,69
sad,5
excietemtn,1
seen,8
nooo,1
comments,1
disgusting,1
wheres,5
rave,2
night,6
thirdfire,1
hurt,9
indicates,1
structure,1
bottom,1
three,6
stories,1
interwebs,1
interviewed,1
athenamusiconline,1
viktorekronosthebandlomaxgastovathena,1
speeches,2
gelatogalore,56
guy,56
break,5
killed,7
dodont,5
easier,5
trapped,40
pulled,8
14,2
shift,2
midnight,2
screaming,8
course,4
trickling,4
even,4
tho,1
donations,4
heading,6
unit,19
dispatchedcrowd,1
pd,7
grace,1
creator,4
distress,2
gandhi,2
historic,1
figures,1
corner,21
ermou,1
side,14
solve,1
worlds,2
unoccupied,1
rallykronosfriendsofllm,1
guess,11
hilel,1
elder,1
anybody,4
given,2
search,2
knock,2
door,34
opened,8
organization,5
service,6
shooting,49
2nd,2
full,3
third,2
firemen,22
clearing,1
pictures,6
shopped,1
moar,2
thatz,2
pahetic,2
havent,3
kindafun,1
ghandi,2
residentscontinue,7
vaca,1
somewhere,1
toll,1
mounts,1
smadcokronos383n28q,1
evacuate,28
apt,1
evacuation,41
firefighters,10
assisted,4
slightly,1
guilty,1
youd,1
thinkt,1
assisting,1
dang,4
missed,4
paramedics,31
treating,4
evacuated,28
inhalation,4
engines,1
ordered,4
nearby,15
precaution,4
hospital,33
staffing,1
yup,4
reeducation,2
medical,2
attention,2
covered,1
bands,1
mix,1
viktorekronosourmusicstandupspeakupworld,1
injuries,19
flooding,1
congestion,1
treated,4
minor,3
awful,3
counseling,1
allfaiths,3
church,5
clear,4
evacuating,26
smart,2
stay,36
thot,1
viktorekronosthebandinterviews,2
neighboring,7
false,1
flag,1
operation,1
entering,1
restaurant,1
soon,3
bear,1
entrepreneur,3
somebody,7
safety,10
net,3
underneath,3
evacuations,23
vicinity,10
closing,2
renewable,2
sustainable,2
sowkronoswhoweare,2
serious,16
among,11
resident,27
upper,13
rescuing,2
lived,2
46,2
folks,3
carrying,2
marta,2
rescued,23
courtesy,1
continues,30
pour,8
gridlocked,1
bated,3
breadth,3
agents,3
amatuer,2
pokkronosrallyinthepark,1
end,14
differnce,1
everyday,1
showed,4
meek,7
shall,7
inherit,7
paris,3
france,3
diverted,9
officially,1
tunes,1
woman,5
okay,8
expand,1
referkronosphish,1
syvlia,1
returns,2
concert,8
calmer,9
vigilant,8
wuz,2
circles,2
arrivedat,2
relieve,2
41,2
57,2
doll,2
collection,4
stuffed,2
animal,2
badges,1
uniforms,1
dance,1
viktorekronosourlistenerstories,1
fd,1
requested,8
fresh,14
replace,8
original,8
responding,1
longer,2
answer,4
phone,3
mmmtastes,1
chicken,1
pommes,1
frites,1
interfere,5
flashing,1
ligths,1
timmys,1
jumpy,1
carrier,1
sale,4
huge,1
furniture,1
downtown,3
proven,1
unfounded,3
sittin,1
wonderig,1
worried,5
comeing,1
lives,2
silent,2
doors,9
emergency,1
shelter,2
proved,2
joking,1
dolphn,7
pillowcase,2
hang,3
told,3
citizen,1
weapons,1
issue,10
arise,2
magazine,2
accident,5
souliou,2
dude,18
totaly,1
unknown,5
figthers,6
weary,6
arrivals,6
arrive,6
guys,31
beat,2
everybody,4
beaten,2
moron,1
black,40
van,131
driver,21
drivers,1
worst,3
dorel,1
smadcokronos39cni39s,1
stopping,1
relieving,7
happened,2
felony,3
progresswith,2
injury,2
insurance,2
bicyclist,15
500,16
block,21
schaber,18
katerinas,1
cafe,1
struck,2
eira,4
edessis,4
bike,8
caught,5
license,7
plate,6
inconsiderate,1
runin,1
announces,2
expansion,18
announcing,2
able,2
seeing,12
derp,3
abalckvan,1
justhit,1
broadcastfelony,1
runblack,1
vanpartial,1
announced,9
releases,2
partial,4
l829,4
dispatchedpedestrian,1
investigationrequest,1
issues,1
description,2
vehicleblack,11
messed,1
busy,2
plans,3
interrupt,3
expanded,10
ordering,8
reminder,1
evacuees,2
cookies,1
punch,1
tada,2
wide,2
inspect,2
body,1
released,19
urges,3
incident,5
authorities,2
information,2
injured,35
store,5
usually,1
neighborhood,9
shocking,1
discoveries,1
smadcokronos39xhke,1
expanding,1
perimeter,11
addtional,1
practically,1
noes,1
company,1
shoddy,1
construction,1
ashtma,2
kicks,2
shaken,1
marshal,5
decided,7
round,1
deportations,1
beginning,1
trashed,2
looked,10
nice,7
bets,1
titanium,2
frame,2
carbon,2
wheels,2
gon,17
na,19
pissed,2
house,6
docs,1
vacate,1
immediately,1
account,2
pics,2
seven,4
times,4
eight,6
em,4
uninjured,3
pursuit,21
suspected,2
headed,2
west,2
henri,3
coppers,1
biker,2
bean,2
served,2
recklesshazaradous,1
driverin,1
pursuitpolice,1
donot,8
officers,8
accepted,2
answering,1
rights,2
cyclist,1
meeting,5
erratic,13
ran,8
red,6
polvo,5
crying,2
blasted,1
untold,2
smadcokronosb33nk4xs,2
continuespolice,1
joins,1
whenever,14
majority,6
pause,6
reflect,6
public,37
glories,8
private,8
sacrifices,8
yay,1
pursuitcontinuespolice,1
scary,4
nightmares,1
cheered,1
driveway,1
driving,10
parking,22
dinner,1
cornered,8
intersection,18
alexandrias,42
ithakis,50
fired,34
ttl,1
exit,4
backway,1
octavios,3
ink,2
cartridge,2
exciting,2
milk,3
gun,28
copsr,2
behind,21
gunshots,2
assaultweaponin,1
galore,39
id,1
gunshot,1
tturn,1
blocked,5
omc,1
happening,8
hink,1
somedby,1
shot,28
cnat,1
gunfire,5
hiding,7
watermelons,2
withsome,2
counter,2
mailbox,4
peeking,2
moved,2
freezer,2
section,2
sais,1
wth,4
getviolent,4
downn,2
dead,9
ya,1
blood,1
thru,2
chouting,1
front,4
used,1
faces,2
cars,15
undercover,2
could,4
table,1
wall,1
nooooo,1
shooter,11
peeked,1
window,5
didtn,1
iwait,1
toget,1
wtf,2
keeping,5
head,7
outsdie,2
sometthing,1
bads,1
details,1
movies,3
didhnt,1
servide,1
laugh,1
pic,1
hotchickskronospictures,1
didnthave,2
unconfirmed,7
officer,39
result,12
flurry,1
activity,1
holding,6
multiple,8
gunman,1
omgomgomg,2
reached,1
grabbed,1
eat,1
gunmen,19
surprising,1
facts,1
empire,1
snadcokronos38cnik34,1
knew,3
reporters,2
shown,5
neededofficer,2
terorists,2
peeks,2
pray,3
stores,4
danger,4
standing,3
indoors,1
galor,1
hard,3
clearly,1
pls,5
headlights,2
focused,2
pot,1
neededambulance,1
thinkthe,1
hostage,34
standoff,54
keping,2
movig,2
typinghard,2
chekcing,2
room,2
shoots,1
maniacs,1
hearing,6
background,1
newspaper,1
wandering,1
smadcokronos239nk89,1
belivef,1
happeningn,1
linkcitykronos,1
knocking,1
running,11
sticking,1
patient,6
resolves,6
somany,1
beleive,1
dire,2
emergencypolice,1
downsend,1
wounded,9
amblance,1
wonder,11
sway,1
gleatogalore,1
status,2
bless,1
souls,1
yr,1
reporting,3
buddy,3
apb,5
owed,2
businessman,2
stronger,1
nervous,1
bummer,1
sounded,2
nowguess,1
beer,1
emergencyswat,1
team,17
putting,1
kick,1
arse,1
heck,2
craziness,2
alexandiras,6
telephone,2
pole,5
include,3
displaced,4
jax,2
imagine,1
wasnt,1
waving,3
shouting,1
gawking,7
duty,1
condition,13
updates,1
arentt,1
sanjorge,1
wealthiest,1
smadcokronos9njpp39,1
nut,1
arrested,23
lawyer,1
klinekronossignup,1
attackers,2
solution,7
stable,11
brave,2
grocery,3
starve,1
scen,1
continued,10
n,7
leaving,5
becuz,1
saw,4
minutes,1
realized,1
came,6
guns,6
stuck,3
doin,2
funnrun,2
sylvias,1
distraction,2
terorrist,2
rockers,2
practice,1
responded,7
getout,1
changes,1
goodness,1
microblogs,1
general,10
grocer,9
situation,13
investigation,2
requestlocationpersonincident,1
wan,4
detailed,2
recommendations,2
ii,1
snek,1
rising,2
system,4
attack,2
robots,2
mars,2
ivolence,2
hoping,2
moneykronosworkathome,1
ode,3
shed,1
hadnt,1
fast,3
praying,5
gifted,6
cost,6
attained,6
fist,2
murdered,1
tooo,1
lets,2
showeed,1
swat,46
official,2
shows,2
hirt,1
rank,3
smadcokronosqae49b3,1
waved,2
holy,1
cow,1
shoplifting,3
bug,1
problemcall,1
shooters,9
arrives,1
armored,1
backdoor,2
boys,2
exerting,1
haev,2
swift,3
resolution,2
tactical,10
couple,3
yeelling,2
mad,5
clothes,4
yelling,11
alexandria,1
continue,1
captives,1
boredom,1
rootin,1
tootin,1
yells,1
escalated,5
threating,1
firefighter,30
stretcher,1
someday,1
helicoptors,1
pulling,3
establishing,1
security,1
transitioning,2
command,12
loooks,1
negotiate,2
hte,1
idb,1
givin,1
thtat,1
fund,3
raising,1
seesome,2
dudes,2
follows,2
fairly,2
working,4
release,4
managed,1
sitting,2
shoving,1
sending,2
ims,2
since,1
glaore,1
carlys,4
coffeee,3
line,1
thsi,1
discussion,2
anywhere,3
requestlocationdwelling,1
fighter,1
stress,2
grandmas,2
recipes,2
harpsichord,2
score,1
0,1
folk,1
believed,1
quickly,1
safely,2
terrified,1
gonig,1
creative,5
nite,2
knocked,2
groups,1
emerging,2
aw,2
mom,4
worry,2
narcotic,3
activityreport,3
negotiations,6
negotiating,5
craazy,1
negoitator,1
pople,2
comeon,1
destinations,2
smadcokronos20cn8389,2
picking,1
tournament,1
seemed,2
interested,2
parlor,1
state,3
fly,1
livecasting,1
interviewing,1
peacefully,3
trashbin,1
already,2
patrons,4
punished,1
rallys,1
onethanks,1
admit,1
orchestrated,1
panel,1
supply,1
chased,1
underway,13
negotiator,5
forth,1
roofs,1
swats,1
witness,16
jeez,1
threw,1
cuaght,2
feeble,2
minded,2
popping,4
understood,4
allow,1
poison,1
outta,1
male,9
drive,5
robbery,1
smadcokronos39vn811v,1
anyway,2
200,2
kind,1
dummies,1
bystanders,1
deserve,1
career,1
mikal,1
oso,2
crash,1
random,1
innocent,1
bystander,1
gag,2
cares,2
moneygrubbers,2
stalemate,1
unwind,2
chuc,1
norris,1
calmed,2
economic,1
impact,1
ramp,1
negoitations,1
backed,1
pointed,1
amount,1
greenwashing,1
tension,1
ton,1
drink,1
troubles,1
drama,1
unfold,1
suport,1
kid,5
despite,7
grow,7
stays,1
calm,1
warnings,1
criminals,1
offsaid,1
sell,1
bored,2
deal,3
latest,2
smadcokronoscbcje9q,2
debating,2
stufpid,2
buying,1
jujst,2
barely,2
type,2
anthing,2
offering,2
collapsed,13
caused,1
suppposed,1
tough,1
buys,1
swoop,1
communications,1
evil,1
overlord,1
prowler,2
nowhere,1
someothing,1
reenter,2
takign,1
4ever,1
walked,1
notice,1
summoned,2
blaze,2
requesting,6
gone,2
q,1
hearts,1
prevail,1
actually,2
pretty,3
tint,2
towards,1
tired,2
suddeny,2
poked,3
hundred,2
clue,1
dophin,8
firghtened,2
raiser,2
homeless,2
supported,2
iwll,1
gladly,1
switch,1
heavily,2
armed,2
cordoned,1
shuoldve,1
stayed,1
besides,1
tv,1
iï¿½i,2
hoses,4
onto,4
likely,10
measures,9
justice,4
trenchcoat,1
miilling,1
shifted,1
protecting,1
spread,1
persevere,1
bravely,1
hurry,2
freak,2
puts,1
flares,5
forgot,1
identity,1
card,1
animals,1
bac,2
fighting,5
partner,2
shaking,2
outwant,1
silly,1
drinks,1
therye,3
animated,2
feeling,1
trappedhostage,1
fat,1
weightlosskronosphish,1
dropped,2
everybodys,2
kicked,1
nearly,1
controlled,4
homes,3
whereareu,1
women,1
passenger,1
investigationrequestlocationpersonvehicle,1
believ,1
relationships,1
upyeah,2
peacefullyat,3
suspects,20
mute,1
points,1
permanent,1
focusing,2
letting,1
goo,1
finallly,1
finally,4
jobmake,2
500week,2
moneykronossellstuff,2
tahnks,1
female,8
surrendered,5
belive,1
shootout,1
surrender,2
negotiated,8
resolved,1
names,21
notified,1
surrended,2
omgopmgomgthank,2
drunk,1
ride,1
answered,2
anytbody,1
konw,1
ended,1
investigationrequestadditional,1
unitslocationdwelling,1
evidence,1
aliens,1
alienskronosamongus,1
situatoin,1
declined,2
scarey,2
wnat,2
statements,2
bet,1
employer,1
completely,1
sombody,1
explosion,16
explosions,1
nooooooooo,1
ohnoohnoohnoohnoohnoohnoohnoohnoohnoohno,1
sound,1
